geoUnit,year,Expenditure on education as a percentage of total government expenditure (%) (IMF calculation)
AFG,2003,12.80618054
AFG,2004,12.94665865
AFG,2005,15.08357833
AFG,2006,14.55921179
AFG,2007,10.81469207
AFG,2008,4.860585908
AFG,2009,6.492490184
AFG,2010,6.395579806
AFG,2011,5.14692145
AFG,2012,6.489447742
AFG,2013,7.132067481
AFG,2014,7.96457024
AFG,2015,7.284905109
AFG,2016,8.260236207
AFG,2017,8.202472063
AGO,2000,9.466756878
AGO,2001,9.433632111
AGO,2002,8.322753326
AGO,2003,6.527705646
AGO,2004,10.83333599
AGO,2005,7.263657382
AGO,2006,7.60743609
AGO,2007,9.284569801
AGO,2008,7.513767562
AGO,2009,9.419737868
AGO,2010,8.3411724
AGO,2011,8.935192201
AGO,2012,9.791394904
AGO,2013,9.447771504
AGO,2014,6.852259747
AGO,2015,12.10088877
AGO,2016,10.82170107
AGO,2017,8.760296857
AGO,2018,8.23010263
AGO,2019,10.79580947
ALB,2002,2.507370043
ALB,2003,3.673854848
ALB,2004,3.994813773
ALB,2005,11.37165088
ALB,2006,10.76798596
ALB,2007,11.07501755
ALB,2008,10.79070872
ALB,2010,11.48573445
ALB,2011,11.10684336
ALB,2012,11.62699494
ALB,2013,11.58003275
ALB,2014,10.98846028
ALB,2015,10.4410241
ALB,2016,10.82978737
ALB,2017,10.57019058
ALB,2018,10.97069675
ALB,2019,11.40018018
ALB,2020,10.13438364
ALB,2021,9.833778124
ALB,2022,9.796485724
ALB,2023,10.05177164
AND,2018,9.930040672
AND,2019,9.890914097
AND,2020,9.437000275
AND,2021,9.324459751
AND,2022,8.436221444
AND,2023,8.180802313
ARG,2000,6.28246521
ARG,2001,5.72094216
ARG,2002,4.010560744
ARG,2003,4.546417107
ARG,2004,5.194731323
ARG,2014,6.163173698
ARG,2015,6.528736443
ARG,2016,5.818444197
ARG,2017,6.149153799
ARG,2018,5.50610967
ARG,2019,4.78990154
ARG,2020,4.409003261
ARG,2021,5.19304909
ARG,2022,5.595777822
ARM,2010,10.24713469
ARM,2011,10.75357422
ARM,2012,10.2160819
ARM,2013,8.749750844
ARM,2014,9.376602097
ARM,2015,8.866694501
ARM,2016,8.447907228
ARM,2017,8.891125988
ARM,2018,8.988577026
ARM,2019,10.00509266
ARM,2020,9.572379842
ARM,2021,9.667304103
ARM,2022,9.702664116
ARM,2023,9.961885738
AUS,2000,14.42712517
AUS,2001,15.16472849
AUS,2002,15.55063289
AUS,2003,15.61610031
AUS,2004,15.51314563
AUS,2005,15.82420253
AUS,2006,15.62589199
AUS,2007,15.09505326
AUS,2008,15.07646417
AUS,2009,14.79484778
AUS,2010,17.11578119
AUS,2011,17.12748079
AUS,2012,15.39351387
AUS,2013,15.5629895
AUS,2014,15.03333373
AUS,2015,14.88242708
AUS,2016,14.89055313
AUS,2017,14.8495868
AUS,2018,15.10843665
AUS,2019,15.29336831
AUS,2020,14.4562529
AUS,2021,13.14539561
AUS,2022,13.94469367
AUT,2000,10.21307096
AUT,2001,10.11015221
AUT,2002,10.15195988
AUT,2003,10.25996673
AUT,2004,9.148312853
AUT,2005,9.395606139
AUT,2006,9.532968937
AUT,2007,9.52420224
AUT,2008,9.721837511
AUT,2009,9.446531856
AUT,2010,9.68878102
AUT,2011,9.800729973
AUT,2012,9.769861151
AUT,2013,9.733558934
AUT,2014,9.422002081
AUT,2015,9.650598844
AUT,2016,9.778713379
AUT,2017,9.819411405
AUT,2018,9.811631734
AUT,2019,9.88143854
AUT,2020,8.949473803
AUT,2021,8.811324046
AUT,2022,8.977275452
AZE,2008,8.504220952
AZE,2009,10.04566592
AZE,2010,9.186688554
AZE,2011,7.776550008
AZE,2012,7.737988767
AZE,2013,7.118692456
AZE,2014,7.699596688
AZE,2015,8.266282672
AZE,2016,9.44595081
AZE,2017,7.820628132
AZE,2018,8.454236293
AZE,2019,8.593153371
AZE,2020,9.802010934
AZE,2021,10.7886274
AZE,2022,10.36523787
BDI,2010,14.96105442
BDI,2011,14.95101557
BDI,2012,18.13669809
BDI,2013,18.54478986
BEL,2000,11.2052036
BEL,2001,11.50085736
BEL,2002,11.60475498
BEL,2003,11.54364474
BEL,2004,11.41611319
BEL,2005,10.97798369
BEL,2006,11.53674437
BEL,2007,11.36902303
BEL,2008,11.27712954
BEL,2009,11.13274439
BEL,2010,11.21544495
BEL,2011,11.22957011
BEL,2012,11.06992166
BEL,2013,11.35172082
BEL,2014,11.34249574
BEL,2015,11.73614811
BEL,2016,11.69543099
BEL,2017,11.97686712
BEL,2018,11.87883964
BEL,2019,11.81700094
BEL,2020,11.14883733
BEL,2021,11.31967999
BFA,2017,7.142145212
BFA,2018,11.00965199
BFA,2019,6.600564472
BFA,2020,6.911162754
BFA,2021,7.384399128
BFA,2022,5.241891326
BGD,2001,19.71449066
BGD,2002,18.45477585
BGD,2003,17.94113359
BGD,2004,17.04834791
BGD,2005,15.0383685
BGD,2006,15.91691971
BGD,2007,16.59019828
BGD,2008,15.04938189
BGD,2009,14.11443166
BGD,2010,16.87200379
BGD,2011,16.82160773
BGD,2012,16.07224669
BGD,2013,14.44142625
BGD,2014,15.94565264
BGD,2015,16.01340961
BGD,2016,18.62597884
BGR,2000,9.820446041
BGR,2001,8.934600247
BGR,2002,9.559485033
BGR,2003,10.76879088
BGR,2004,10.47725674
BGR,2005,11.31846086
BGR,2006,10.72826383
BGR,2007,9.538482543
BGR,2008,10.67290989
BGR,2009,10.34569423
BGR,2010,9.881103734
BGR,2011,9.981704619
BGR,2012,9.672344827
BGR,2013,9.768978608
BGR,2014,9.427798667
BGR,2015,9.689010134
BGR,2016,9.775506462
BGR,2017,10.15288066
BGR,2018,9.552492004
BGR,2019,10.48678182
BGR,2020,9.501516612
BGR,2021,10.35651602
BGR,2022,9.396307962
BHR,2000,12.84427284
BHR,2001,13.3317203
BHR,2002,12.64833575
BHR,2003,15.42396968
BHR,2004,15.40277904
BHR,2005,15.51713439
BHR,2006,13.20781291
BHR,2007,13.3352631
BHR,2008,12.26644878
BHR,2009,13.81823619
BHR,2010,11.70121052
BHR,2011,11.40276822
BHR,2012,11.77540691
BHR,2013,11.99469729
BHR,2014,11.42916794
BHR,2015,11.54798127
BHR,2016,9.846719363
BHR,2017,11.00382825
BHR,2018,10.78639313
BHR,2019,9.889412722
BHR,2020,8.412161262
BHS,2000,19.77454506
BHS,2001,19.5940998
BHS,2002,19.04340994
BHS,2003,18.68852459
BHS,2004,18.66035545
BHS,2005,18.56455341
BHS,2006,2.914652775
BHS,2007,20.50182886
BHS,2008,20.08101012
BHS,2009,18.69904588
BHS,2010,16.61011585
BHS,2011,14.52023302
BHS,2012,14.22189403
BHS,2013,14.93565054
BHS,2014,14.16296041
BHS,2015,12.59633334
BHS,2016,13.18143357
BHS,2017,12.04716951
BHS,2018,12.7298933
BHS,2019,12.68854766
BHS,2020,12.69145386
BHS,2021,11.20955617
BHS,2022,9.818984537
BHS,2023,9.647157336
BLR,2000,3.870368967
BLR,2001,3.968339891
BLR,2002,4.139682181
BLR,2003,13.96971232
BLR,2004,14.35278989
BLR,2005,14.26339591
BLR,2006,14.29337879
BLR,2007,13.09172428
BLR,2008,12.12493253
BLR,2009,12.17981717
BLR,2010,13.43798114
BLR,2011,14.53167219
BLR,2012,13.08640676
BLR,2013,12.77383069
BLR,2014,13.52054369
BLR,2015,13.05056049
BLR,2016,13.57799613
BLR,2017,12.97870277
BLR,2018,13.26404084
BLR,2019,13.07826289
BLR,2020,12.87037611
BLR,2021,12.36244366
BLR,2022,12.81081129
BLR,2023,12.83034522
BOL,2000,19.83693887
BOL,2001,19.85050305
BOL,2002,20.58908384
BOL,2003,19.27796149
BOL,2004,19.69050579
BOL,2005,18.95074116
BOL,2006,19.59904099
BOL,2007,20.37428431
BRA,2010,6.599848655
BRA,2011,6.78337857
BRA,2012,7.126440353
BRA,2013,6.948678452
BRA,2014,7.016166604
BRA,2015,6.398306703
BRA,2016,6.514235506
BRA,2017,6.354023149
BRA,2018,6.457592657
BRA,2019,6.483888953
BRA,2020,5.553611057
BRA,2021,6.576254429
BRA,2022,6.598317268
BRA,2023,6.082116327
BRB,2003,19.26784354
BRB,2005,19.34083269
BRB,2006,20.36742773
BRB,2015,15.15447938
BTN,2000,13.44460176
BTN,2001,11.33952317
BTN,2002,14.66188788
BTN,2003,14.92886043
BTN,2004,13.29615422
BTN,2005,19.76533128
BTN,2006,19.39116295
BTN,2007,19.74520339
BTN,2008,16.28196603
BTN,2009,17.74555992
BTN,2010,17.49944125
BTN,2011,21.33860951
BTN,2012,20.56990402
BTN,2013,20.64207207
BTN,2014,18.84334033
BTN,2015,21.09436904
BTN,2016,19.44599933
BTN,2017,21.70506548
BTN,2018,19.33335255
BTN,2019,21.58696775
BTN,2020,21.43212118
BWA,2017,16.48611175
BWA,2018,22.37806136
BWA,2019,21.95994106
BWA,2020,22.92603434
BWA,2021,24.26040733
BWA,2022,22.01461843
CAF,2008,8.321744875
CAF,2009,6.776884945
CAF,2010,4.629244809
CAN,2008,12.49846682
CAN,2009,12.57253195
CAN,2010,12.62090056
CAN,2011,12.71314886
CAN,2012,12.85791407
CAN,2013,13.00229394
CAN,2014,12.98900764
CAN,2015,12.74459832
CAN,2016,12.66294177
CAN,2017,12.94046312
CAN,2018,12.93418464
CAN,2019,12.65248001
CAN,2020,9.952908132
CAN,2021,11.2314557
CAN,2022,11.87758584
CAN,2023,11.2239022
CHE,2000,14.09672994
CHE,2001,14.79891729
CHE,2002,14.68671057
CHE,2003,15.30901707
CHE,2004,15.13735081
CHE,2005,15.19173192
CHE,2006,15.42107177
CHE,2007,15.23476848
CHE,2008,15.22962426
CHE,2009,15.28873405
CHE,2010,15.17560739
CHE,2011,15.3431045
CHE,2012,15.37886576
CHE,2013,15.06401507
CHE,2014,15.25395234
CHE,2015,15.38497078
CHE,2016,15.35782134
CHE,2017,15.35937476
CHE,2018,15.46289141
CHE,2019,15.64546274
CHE,2020,14.24272254
CHE,2021,14.58537192
CHE,2022,15.40446817
CHE,2023,15.85231232
CHL,2000,16.73600156
CHL,2001,17.43399448
CHL,2002,17.86951476
CHL,2003,17.82855294
CHL,2004,18.11564374
CHL,2005,16.98884174
CHL,2006,16.85848252
CHL,2007,17.25371143
CHL,2008,18.44793712
CHL,2009,18.26653706
CHL,2010,17.8860307
CHL,2011,17.87694305
CHL,2012,18.76377807
CHL,2013,19.71985665
CHL,2014,19.45935337
CHL,2015,20.00391788
CHL,2016,21.15220123
CHL,2017,21.52995101
CHL,2018,21.95108744
CHL,2019,22.11398136
CHL,2020,19.86888892
CHL,2021,15.07785489
CHL,2022,18.78655435
CHL,2023,19.48235869
CHN,2000,1.424219345
CHN,2001,1.512015055
CHN,2002,1.682546404
CHN,2003,1.787577956
CHN,2004,1.332662091
CHN,2005,9.496390664
CHN,2006,9.323880404
CHN,2007,8.415130029
CHN,2008,14.29631493
CHN,2009,13.51353216
CHN,2010,13.55206902
CHN,2011,13.07809537
CHN,2012,14.40716852
CHN,2013,13.31540526
CHN,2014,12.75261158
CHN,2015,12.25982917
CHN,2016,12.26956203
CHN,2017,12.15529557
CHN,2018,11.45068993
CHN,2019,11.22663662
CHN,2020,10.53292754
CHN,2021,10.85031753
CHN,2022,10.50490279
CHN,2023,10.43231006
CIV,2014,26.53235501
CMR,2021,18.21760731
COG,2004,6.029650795
COG,2005,6.591425752
COG,2006,7.351384359
COG,2007,8.07427023
COG,2008,8.857900063
COG,2009,10.46154882
COG,2010,10.54099882
COG,2011,8.728425056
COG,2012,7.584216026
COK,2015,6.948006475
COK,2016,9.785532783
COK,2017,8.340292763
COK,2018,9.060599299
COK,2019,9.09603113
COK,2020,7.70179011
COK,2021,6.730414589
COK,2022,8.511993207
CPV,2008,16.041186
CPV,2009,19.29454916
CPV,2010,13.76546168
CPV,2011,16.45038197
CPV,2012,17.0985276
CPV,2013,17.24937345
CPV,2014,17.266159
CPV,2015,17.83594574
CPV,2016,19.18766791
CPV,2017,17.90734781
CPV,2018,18.13690298
CPV,2019,21.30777273
CPV,2020,18.81987933
CRI,2000,20.59972972
CRI,2001,21.36960837
CRI,2002,28.19753693
CRI,2003,21.61442933
CRI,2004,29.93892874
CRI,2005,29.85465842
CRI,2006,30.49092667
CRI,2007,31.77980745
CRI,2008,29.46984654
CRI,2009,34.93718379
CRI,2010,34.7271349
CRI,2011,35.64928517
CRI,2012,36.24041352
CRI,2013,25.33249052
CRI,2014,24.34191209
CRI,2015,24.53694498
CRI,2016,24.98292769
CRI,2017,25.08545769
CRI,2018,24.61142899
CRI,2019,22.86305976
CRI,2020,20.17954535
CRI,2021,19.78508732
CRI,2022,18.67123512
CRI,2023,18.04097947
CYP,2000,14.77674533
CYP,2001,14.51300635
CYP,2002,14.5829061
CYP,2003,14.90547187
CYP,2004,14.94831848
CYP,2005,14.40893471
CYP,2006,14.49867563
CYP,2007,14.79816542
CYP,2008,15.59704662
CYP,2009,15.09335572
CYP,2010,15.52406186
CYP,2011,14.87080057
CYP,2012,14.00662978
CYP,2013,14.78433538
CYP,2014,11.31433482
CYP,2015,13.86324174
CYP,2016,14.63431836
CYP,2017,14.4133912
CYP,2018,11.79285629
CYP,2019,13.3788526
CYP,2020,12.93129927
CYP,2021,12.67172795
CYP,2022,13.16116584
CZE,2000,10.75256788
CZE,2001,10.45248541
CZE,2002,11.01718724
CZE,2003,10.64125474
CZE,2004,11.28056937
CZE,2005,11.2287093
CZE,2006,11.82121219
CZE,2007,10.67118222
CZE,2008,10.52689293
CZE,2009,10.43514757
CZE,2010,10.58565733
CZE,2011,10.63011488
CZE,2012,10.16633419
CZE,2013,10.62004319
CZE,2014,10.64472541
CZE,2015,10.49886161
CZE,2016,9.933925747
CZE,2017,10.43601054
CZE,2018,11.26752989
CZE,2019,11.84270365
CZE,2020,10.7430497
CZE,2021,10.87690379
DEU,2000,8.528443219
DEU,2001,8.755450474
DEU,2002,8.707960863
DEU,2003,8.642513164
DEU,2004,8.771616336
DEU,2005,8.780290029
DEU,2006,8.906779677
DEU,2007,9.044315708
DEU,2008,8.92984613
DEU,2009,9.018068251
DEU,2010,9.113441373
DEU,2011,9.511645268
DEU,2012,9.517230281
DEU,2013,9.70971098
DEU,2014,9.748103632
DEU,2015,9.638143093
DEU,2016,9.47783
DEU,2017,9.480731045
DEU,2018,9.638201633
DEU,2019,9.726378575
DEU,2020,9.298441402
DEU,2021,9.066172501
DEU,2022,9.190701926
DNK,2000,11.93536898
DNK,2001,12.10246192
DNK,2002,12.35738861
DNK,2003,12.24217039
DNK,2004,12.5096944
DNK,2005,12.44361263
DNK,2006,12.42493433
DNK,2007,11.98038311
DNK,2008,12.11152527
DNK,2009,12.26772634
DNK,2010,12.58372227
DNK,2011,12.08395583
DNK,2012,12.03017172
DNK,2013,12.33083879
DNK,2014,12.9065756
DNK,2015,12.85662437
DNK,2016,12.94861723
DNK,2017,12.736315
DNK,2018,12.648407
DNK,2019,12.74289946
DNK,2020,11.6999034
DNK,2021,11.82595936
DNK,2022,11.80435867
DOM,2000,16.83738647
DOM,2002,16.77490128
DOM,2003,12.58852885
DOM,2014,22.57679847
DOM,2015,22.88029384
DOM,2016,24.38316885
DOM,2017,22.88678819
DOM,2018,23.78749768
DOM,2019,24.16923144
DOM,2020,20.54174341
DOM,2021,19.2361888
DOM,2022,19.93516193
DZA,2006,15.52750119
DZA,2007,14.27718776
DZA,2008,13.96227587
DZA,2009,14.34175463
ECU,2013,11.62986969
ECU,2014,12.04477683
ECU,2015,14.21876346
ECU,2016,14.98615872
ECU,2017,16.18610588
ECU,2018,15.38295531
ECU,2019,14.55154009
ECU,2020,13.28397549
ECU,2021,12.88367161
ECU,2022,12.70128142
EGY,2000,19.86954108
EGY,2001,19.37885091
EGY,2002,15.73421391
EGY,2003,15.51804476
EGY,2004,15.03286179
EGY,2005,15.47343571
EGY,2006,11.67237012
EGY,2007,11.60687072
EGY,2008,11.01320577
EGY,2009,11.17261779
EGY,2010,11.33020647
EGY,2011,10.95152721
EGY,2012,10.92304356
EGY,2013,12
EGY,2014,12
EGY,2015,12
ESP,2000,10.52374977
ESP,2001,10.4827467
ESP,2002,10.56659371
ESP,2003,10.5926453
ESP,2004,10.62757896
ESP,2005,10.40525552
ESP,2006,10.43566149
ESP,2007,10.38255179
ESP,2008,10.35980547
ESP,2009,10.17842919
ESP,2010,9.939587183
ESP,2011,9.700705939
ESP,2012,8.562117007
ESP,2013,8.977604799
ESP,2014,9.181318669
ESP,2015,9.415303773
ESP,2016,9.660429839
ESP,2017,9.761951628
ESP,2018,9.575713536
ESP,2019,9.576207777
ESP,2020,9.032602232
ESP,2021,9.206057657
ESP,2022,9.269407194
ESP,2023,9.325267677
EST,2000,17.62004548
EST,2001,18.16170143
EST,2002,18.20030685
EST,2003,17.92005752
EST,2004,18.09847301
EST,2005,17.51799974
EST,2006,17.53685233
EST,2007,17.01292831
EST,2008,16.42302943
EST,2009,15.28184424
EST,2010,16.17258388
EST,2011,16.25656799
EST,2012,15.61908826
EST,2013,15.38207443
EST,2014,14.61697941
EST,2015,14.97884863
EST,2016,14.36492465
EST,2017,14.49369932
EST,2018,15.80064043
EST,2019,15.52654196
EST,2020,14.29917856
EST,2021,14.15978004
EST,2022,14.61763413
ETH,2001,2.486950738
ETH,2002,4.844286689
ETH,2003,9.247126986
ETH,2004,10.87715602
ETH,2005,8.97147559
ETH,2006,17.92899747
ETH,2007,15.91921729
ETH,2012,4.802865694
ETH,2013,13.80051812
ETH,2014,12.84650968
ETH,2015,14.15972855
ETH,2016,14.65725874
ETH,2017,15.55606043
ETH,2018,15.72787526
ETH,2019,14.91207543
ETH,2020,14.3452234
ETH,2021,13.52976621
ETH,2022,11.78654174
ETH,2023,12.56507906
FIN,2000,12.21870363
FIN,2001,12.48425739
FIN,2002,12.61494373
FIN,2003,12.75793863
FIN,2004,12.66499904
FIN,2005,12.4618704
FIN,2006,12.44333526
FIN,2007,12.41471356
FIN,2008,12.19075749
FIN,2009,11.999674
FIN,2010,12.13768473
FIN,2011,11.97931872
FIN,2012,11.5580823
FIN,2013,11.20706
FIN,2014,11.07443459
FIN,2015,10.97220709
FIN,2016,10.87608798
FIN,2017,10.5400704
FIN,2018,10.39947336
FIN,2019,10.52277667
FIN,2020,10.23896802
FIN,2021,10.22090363
FIN,2022,10.40405876
FJI,2004,22.20250387
FJI,2005,21.37422148
FJI,2006,22.38056638
FRA,2000,10.84092871
FRA,2001,10.87961141
FRA,2002,10.95990379
FRA,2003,10.82059146
FRA,2004,10.48347024
FRA,2005,10.35693249
FRA,2006,10.35841305
FRA,2007,10.09641894
FRA,2008,10.11738657
FRA,2009,9.923347813
FRA,2010,9.923919263
FRA,2011,9.740208155
FRA,2012,9.613292256
FRA,2013,9.599760285
FRA,2014,9.59555848
FRA,2015,9.591570031
FRA,2016,9.542818564
FRA,2017,9.548083136
FRA,2018,9.566744236
FRA,2019,9.483200911
FRA,2020,8.811544408
FRA,2021,8.913400929
FRA,2022,8.958964515
FSM,2008,9.014376615
FSM,2009,8.930790704
FSM,2010,8.949736389
FSM,2011,8.711548453
FSM,2012,8.661434148
FSM,2013,7.329072941
FSM,2014,5.808459618
FSM,2015,9.044735568
FSM,2016,11.1464344
FSM,2017,7.975153843
FSM,2018,7.282281907
FSM,2019,6.570043269
FSM,2020,6.927676897
GBR,2000,13.25675826
GBR,2001,13.61395937
GBR,2002,14.73397243
GBR,2003,14.47748944
GBR,2004,13.88548343
GBR,2005,13.37721122
GBR,2006,13.75953286
GBR,2007,13.79046054
GBR,2008,13.03092177
GBR,2009,13.13495465
GBR,2010,13.21977794
GBR,2011,12.70050593
GBR,2012,12.24986098
GBR,2013,12.09499976
GBR,2014,12.33209227
GBR,2015,12.25917393
GBR,2016,12.21099574
GBR,2017,12.24641486
GBR,2018,12.08059027
GBR,2019,11.99214233
GBR,2020,10.44075335
GBR,2021,11.05457277
GBR,2022,10.64375006
GEO,2000,13.45398139
GEO,2001,12.50109505
GEO,2002,13.91570464
GEO,2003,11.55389706
GEO,2004,13.08142191
GEO,2005,10.90174458
GEO,2006,11.96104497
GEO,2007,9.31300813
GEO,2008,8.878414775
GEO,2009,8.733519174
GEO,2010,8.995471387
GEO,2011,9.2651667
GEO,2012,9.820213359
GEO,2013,12.01122386
GEO,2014,12.50749377
GEO,2015,14.10989464
GEO,2016,15.01032246
GEO,2017,15.11464192
GEO,2018,14.27200658
GEO,2019,14.14191224
GEO,2020,12.06711289
GEO,2021,12.46900992
GEO,2022,12.17459795
GEO,2023,14.05473935
GHA,2001,14.15284944
GHA,2002,18.11742218
GIN,2023,11.11364488
GNQ,2007,2.4378973
GNQ,2008,2.138595785
GNQ,2009,1.903399445
GRC,2000,8.316392816
GRC,2001,8.072037535
GRC,2002,8.54877951
GRC,2003,9.134546153
GRC,2004,8.625401232
GRC,2005,9.244790232
GRC,2006,8.0897847
GRC,2007,7.636775685
GRC,2008,7.42687014
GRC,2009,7.636618403
GRC,2010,7.824026845
GRC,2011,8.200703785
GRC,2012,8.024392965
GRC,2013,7.117832433
GRC,2014,8.461020095
GRC,2015,7.627321937
GRC,2016,8.000867798
GRC,2017,8.004558087
GRC,2018,8.394306391
GRC,2019,8.298632779
GRC,2020,7.506778072
GRC,2021,7.151052722
GRC,2022,7.179247531
GTM,2000,17.15219343
GTM,2001,18.17445388
GTM,2002,17.84498403
GTM,2003,17.64610051
GTM,2004,18.89045608
GTM,2005,19.03520452
GTM,2006,19.06791389
GTM,2007,18.58174025
GTM,2008,19.5559465
GTM,2009,21.08448935
GTM,2010,20.63189222
GTM,2011,20.37911449
GTM,2012,21.25970479
GTM,2013,21.38553304
GTM,2014,18.51608799
GTM,2015,20.39625769
GTM,2016,20.18209643
GTM,2017,20.00774308
GTM,2018,20.3894568
GTM,2019,20.36159302
GTM,2020,18.88810572
GTM,2021,19.38323008
GTM,2022,18.93992173
GTM,2023,19.34872062
HKG,2002,19.1229614
HKG,2003,19.78225218
HKG,2004,19.93516206
HKG,2005,18.26066036
HKG,2006,20.04907708
HKG,2007,19.76203627
HKG,2008,17.6088487
HKG,2009,18.1912623
HKG,2010,19.39173761
HKG,2011,17.52163156
HKG,2012,17.73590828
HKG,2013,16.26137903
HKG,2014,17.5052483
HKG,2015,16.78307313
HKG,2016,17.04660077
HKG,2017,17.83648284
HKG,2018,19.68011127
HKG,2019,17.48562038
HKG,2020,12.82170183
HKG,2021,14.85682667
HKG,2022,12.65734266
HND,2020,21.79912845
HRV,2000,11.21263
HRV,2001,11.24893761
HRV,2002,12.21875963
HRV,2003,11.6486273
HRV,2004,11.06689424
HRV,2005,11.28248525
HRV,2006,10.988119
HRV,2007,10.59162938
HRV,2008,9.996046203
HRV,2009,10.61392647
HRV,2010,10.5995256
HRV,2011,10.15262829
HRV,2012,10.49607956
HRV,2013,10.12821498
HRV,2014,10.36322229
HRV,2015,10.12097631
HRV,2016,10.24857235
HRV,2017,10.49636729
HRV,2018,10.25137218
HRV,2019,10.59477331
HRV,2020,10.16989543
HRV,2021,10.61072795
HRV,2022,10.68962702
HUN,2000,11.23305418
HUN,2001,11.35202424
HUN,2002,11.11952753
HUN,2003,13.05132267
HUN,2004,12.08970909
HUN,2005,12.14680219
HUN,2006,11.51811971
HUN,2007,11.05704566
HUN,2008,10.86712445
HUN,2009,10.61416245
HUN,2010,11.23140572
HUN,2011,10.29437461
HUN,2012,9.522100162
HUN,2013,9.414785968
HUN,2014,10.39120052
HUN,2015,10.32421923
HUN,2016,10.60550167
HUN,2017,10.83948978
HUN,2018,10.85924379
HUN,2019,10.19274403
HUN,2020,9.333879789
HUN,2021,10.36329129
IDN,2001,3.741465781
IDN,2002,4.104091064
IDN,2003,5.275120021
IDN,2004,3.966089552
IDN,2008,11.45133403
IDN,2009,16.16484185
IDN,2010,18.01392372
IDN,2011,18.54828465
IDN,2012,16.96810856
IDN,2013,16.3005868
IDN,2014,16.45954634
IDN,2015,16.71387009
IDN,2016,21.07878437
IDN,2017,16.11048011
IDN,2018,16.79570969
IDN,2019,17.33811381
IDN,2020,17.94368368
IDN,2021,16.06781658
IDN,2022,13.93261418
IDN,2023,14.52561223
IND,2000,2.5335627
IND,2001,2.301750048
IND,2002,2.314389454
IND,2003,2.240608375
IND,2004,2.638627686
IND,2005,3.2080152
IND,2006,3.739503123
IND,2007,2.250377285
IND,2008,2.399924229
IND,2009,2.456669318
IND,2010,3.179254681
IND,2011,3.148312128
IND,2012,3.582777151
IND,2013,3.311923909
IND,2014,3.88903981
IND,2015,3.178238253
IND,2016,2.898959522
IND,2017,3.386695993
IND,2018,2.670540673
IRL,2000,12.93888938
IRL,2001,12.73104691
IRL,2002,12.14407281
IRL,2003,12.57019733
IRL,2004,12.506876
IRL,2005,12.43511717
IRL,2006,11.95331538
IRL,2007,12.13832687
IRL,2008,11.3260883
IRL,2009,10.19272713
IRL,2010,7.124444137
IRL,2011,11.1878842
IRL,2012,11.93187697
IRL,2013,11.88006601
IRL,2014,12.11979371
IRL,2015,11.91810309
IRL,2016,12.27432261
IRL,2017,12.6126782
IRL,2018,12.47525326
IRL,2019,13.21244459
IRL,2020,11.87757547
IRL,2021,12.02367307
IRN,2000,10.36667551
IRN,2001,11.3274247
IRN,2002,5.757915983
IRN,2003,6.812355842
IRN,2004,6.318799214
IRN,2005,5.027972988
IRN,2006,3.942150295
IRN,2007,7.427203604
IRN,2008,13.04294323
IRN,2009,13.23012079
ISL,2000,15.53201369
ISL,2001,18.17838182
ISL,2002,18.72737656
ISL,2003,18.10956892
ISL,2004,18.60569063
ISL,2005,17.33946996
ISL,2006,17.10422229
ISL,2007,16.61261144
ISL,2008,11.85544705
ISL,2009,14.10290679
ISL,2010,14.68791308
ISL,2011,14.0724512
ISL,2012,14.55964667
ISL,2013,15.50009174
ISL,2014,15.12982757
ISL,2015,15.61505802
ISL,2016,14.39814881
ISL,2017,15.80996176
ISL,2018,15.99001292
ISL,2019,16.13585722
ISL,2020,15.87585096
ISL,2021,15.40631285
ISL,2022,14.89868927
ISL,2023,14.82565669
ISR,2000,15.81421508
ISR,2001,15.72844465
ISR,2002,14.61323617
ISR,2003,15.35091284
ISR,2004,15.43646538
ISR,2005,15.10261359
ISR,2006,14.88559769
ISR,2007,15.52451132
ISR,2008,15.59369768
ISR,2009,15.56664519
ISR,2010,16.41954586
ISR,2011,16.44172909
ISR,2012,17.2754335
ISR,2013,17.25720209
ISR,2014,17.84035118
ISR,2015,18.07416796
ISR,2016,18.01748843
ISR,2017,18.19603673
ISR,2018,18.11260792
ISR,2019,18.08493741
ISR,2020,15.67639006
ISR,2021,16.5261912
ISR,2022,17.59427097
ISR,2023,16.47231466
ITA,2000,9.321593683
ITA,2001,9.33592199
ITA,2002,9.507875546
ITA,2003,9.636210779
ITA,2004,9.217767122
ITA,2005,9.408569456
ITA,2006,9.153533594
ITA,2007,9.450937039
ITA,2008,8.963029077
ITA,2009,8.864780218
ITA,2010,8.706913485
ITA,2011,8.258437916
ITA,2012,8.018429815
ITA,2013,8.021106638
ITA,2014,7.942389715
ITA,2015,7.943844798
ITA,2016,7.862354454
ITA,2017,7.917700537
ITA,2018,8.111764274
ITA,2019,8.04738138
ITA,2020,7.474289142
ITA,2021,7.189691807
ITA,2022,7.238630168
JAM,2000,4.23155103
JAM,2001,17.50168534
JAM,2002,15.60516931
JAM,2003,15.964894
JAM,2004,14.89515973
JAM,2005,17.64850758
JAM,2006,17.98230368
JAM,2007,17.33589114
JAM,2008,17.95895316
JAM,2009,17.38824521
JAM,2010,17.71316048
JAM,2011,18.62132126
JAM,2012,19.64799858
JAM,2013,21.03148525
JAM,2014,19.2541911
JAM,2015,17.70501827
JOR,2000,15.9330397
JOR,2001,16.06006806
JOR,2002,15.32994029
JOR,2003,14.88345794
JOR,2004,13.12865701
JOR,2005,12.86209247
JOR,2006,13.29427623
JOR,2007,13.89837228
JOR,2008,11.62996809
JOR,2009,10.36632892
JOR,2010,11.20357393
JOR,2011,11.27027472
JOR,2012,12.13090444
JOR,2013,13.32909425
JOR,2014,12.81731222
JOR,2015,13.49838379
JOR,2016,13.13076948
JOR,2017,12.4663443
JOR,2018,12.12558973
JOR,2019,12.31532124
JOR,2020,12.37067515
JOR,2022,11.72406084
JOR,2023,11.84387495
JPN,2005,9.327170804
JPN,2006,9.393992403
JPN,2007,9.412751487
JPN,2008,9.127755114
JPN,2009,8.930509585
JPN,2010,8.784497903
JPN,2011,8.537051789
JPN,2012,8.504339666
JPN,2013,8.463807445
JPN,2014,8.534480696
JPN,2015,8.374353843
JPN,2016,8.196035453
JPN,2017,8.153149972
JPN,2018,8.12929306
JPN,2019,8.146282099
JPN,2020,7.292897351
JPN,2021,7.410834364
JPN,2022,7.521291196
KAZ,2000,14.69471426
KAZ,2001,14.67897399
KAZ,2002,15.12289224
KAZ,2003,14.50760033
KAZ,2004,14.81047281
KAZ,2005,4.355779004
KAZ,2006,6.05130187
KAZ,2007,7.177154806
KAZ,2008,7.421269467
KAZ,2009,7.433951111
KAZ,2010,16.93131657
KAZ,2011,18.10457364
KAZ,2012,19.25287093
KAZ,2013,17.96060704
KAZ,2014,17.32483201
KAZ,2015,16.81945759
KAZ,2016,19.60174556
KAZ,2017,14.34188247
KAZ,2018,17.90452027
KAZ,2019,18.96017375
KAZ,2020,20.16492693
KAZ,2021,24.08713156
KAZ,2022,24.94704834
KAZ,2023,19.94715258
KEN,2000,28.98475599
KEN,2001,26.06595654
KEN,2002,27.02146849
KEN,2003,29.35782618
KEN,2004,26.98408992
KEN,2005,29.67632531
KEN,2006,27.00040137
KEN,2007,26.50297571
KEN,2008,24.12875294
KEN,2009,23.65076496
KEN,2010,22.98924589
KEN,2011,22.79062851
KEN,2012,20.67491558
KEN,2013,20.80800068
KEN,2017,14.25657336
KEN,2018,18.63421805
KEN,2019,18.52003934
KEN,2020,17.92133301
KEN,2021,16.38459563
KEN,2022,14.68483816
KEN,2023,18.4291757
KGZ,2000,19.49699438
KGZ,2001,21.73939598
KGZ,2006,6.357961535
KGZ,2008,23.24630249
KGZ,2009,9.480803899
KGZ,2010,7.478913472
KGZ,2011,7.382688322
KGZ,2012,7.565694257
KGZ,2013,13.68521404
KGZ,2014,18.25902655
KGZ,2015,19.07594407
KGZ,2016,20.6698703
KGZ,2017,19.67629389
KGZ,2018,20.14392432
KGZ,2019,20.06521832
KGZ,2020,20.8148979
KGZ,2021,19.71117336
KGZ,2022,20.98124863
KGZ,2023,19.77449663
KIR,2010,21.49879841
KIR,2011,18.20198812
KIR,2012,17.98504827
KIR,2013,16.72261558
KIR,2014,16.66515189
KIR,2015,13.74774819
KIR,2016,12.88805457
KIR,2017,12.54888413
KIR,2018,15.13971717
KIR,2019,12.19363528
KIR,2020,12.45644841
KIR,2021,12.90967964
KIR,2022,16.12099719
KIR,2023,13.54199928
KOR,2000,16.67540973
KOR,2001,17.71723119
KOR,2002,16.53766031
KOR,2003,13.7728489
KOR,2004,13.3530555
KOR,2005,15.19330732
KOR,2006,14.59028272
KOR,2009,14.40560323
KOR,2010,14.81633581
KWT,2001,13.29661684
KWT,2002,13.50066553
KWT,2003,12.45808182
KWT,2004,11.77845974
KWT,2005,12.04123711
KWT,2006,8.923741856
KWT,2007,10.63500258
KWT,2008,8.458947433
KWT,2009,12.31015188
KWT,2010,10.27067575
KWT,2011,10.32391894
KWT,2012,12.99794769
KWT,2013,14.58064516
KWT,2014,13.51876422
KWT,2015,13.75633035
LBN,2000,7.608343843
LBN,2001,8.476237732
LBN,2002,8.040151063
LBN,2003,7.656509678
LBN,2004,8.414056642
LBN,2005,9.389467003
LBN,2006,7.80917396
LBN,2007,6.918637391
LBN,2008,6.103904418
LBN,2009,6.762155987
LBN,2010,7.826871449
LBN,2011,7.500425417
LBN,2012,5.09843201
LBN,2013,7.014527641
LBN,2014,7.0138811
LBN,2015,7.997143226
LBN,2016,7.546020303
LBN,2017,7.357372462
LBN,2018,7.185568113
LBN,2019,6.888968863
LBN,2020,8.938413306
LBN,2021,9.417975147
LBR,2005,8.923522152
LBR,2006,11.20452737
LBR,2007,6.672042674
LBR,2008,6.778324707
LBR,2011,8.967596748
LBR,2012,14.46072232
LBR,2013,13.24321398
LKA,2000,9.603847874
LKA,2001,7.618837269
LKA,2002,9.568714785
LKA,2003,9.545319219
LKA,2004,8.942205138
LKA,2005,10.89530516
LKA,2006,11.0377752
LKA,2007,10.85983258
LKA,2008,10.25107624
LKA,2009,8.687429392
LKA,2010,8.414289635
LKA,2011,8.864745238
LKA,2012,8.900455475
LKA,2013,9.147448915
LKA,2014,10.77247116
LKA,2015,9.828507283
LKA,2016,10.13226215
LKA,2017,9.964398097
LKA,2018,9.832321836
LKA,2019,9.897620269
LKA,2021,8.781464952
LKA,2022,8.105359781
LKA,2023,7.914302435
LTU,2000,15.19580522
LTU,2001,16.13050918
LTU,2002,17.23116865
LTU,2003,16.97279348
LTU,2004,19.18168962
LTU,2005,18.20929016
LTU,2006,15.68583775
LTU,2007,14.13591394
LTU,2008,15.0595187
LTU,2009,14.98086893
LTU,2010,13.96933128
LTU,2011,13.13153417
LTU,2012,14.98810136
LTU,2013,14.74607034
LTU,2014,14.50094547
LTU,2015,14.43064034
LTU,2016,13.96275787
LTU,2017,13.67822731
LTU,2018,13.31847672
LTU,2019,13.22320654
LTU,2020,12.1310078
LTU,2021,12.69451452
LTU,2022,13.49615771
LUX,2000,11.22052887
LUX,2001,11.5329358
LUX,2002,11.06362252
LUX,2003,11.2476344
LUX,2004,11.23836677
LUX,2005,11.18729122
LUX,2006,11.23423277
LUX,2007,11.43879051
LUX,2008,11.44385173
LUX,2009,11.42583394
LUX,2010,11.96700565
LUX,2011,12.0711104
LUX,2012,12.15911205
LUX,2013,11.38404395
LUX,2014,11.27223131
LUX,2015,11.09345194
LUX,2016,10.89305078
LUX,2017,10.79287997
LUX,2018,10.89115471
LUX,2019,11.18255207
LUX,2020,10.65717443
LUX,2021,11.00322374
LUX,2022,10.74203722
LVA,2000,14.61563074
LVA,2001,16.02700651
LVA,2002,16.24901376
LVA,2003,15.74272992
LVA,2004,16.41742181
LVA,2005,15.23588607
LVA,2006,15.3600348
LVA,2007,15.93549874
LVA,2008,16.4017188
LVA,2009,14.69400202
LVA,2010,13.41963148
LVA,2011,14.20414682
LVA,2012,14.74312558
LVA,2013,14.94030738
LVA,2014,15.17328553
LVA,2015,15.19310287
LVA,2016,14.77990422
LVA,2017,15.1194171
LVA,2018,14.8445862
LVA,2019,14.98072418
LVA,2020,13.67184697
LVA,2021,12.87470059
LVA,2022,13.13219727
MAC,2000,15.48843258
MAC,2001,16.06227404
MAC,2002,16.31649077
MAC,2003,15.17634855
MAC,2004,14.03364285
MAC,2005,14.11847045
MAC,2006,14.93621646
MAC,2007,16.2244734
MAC,2008,14.00108798
MAC,2009,12.99881286
MAC,2010,14.92278057
MAC,2011,17.74822658
MAC,2012,22.0245629
MAC,2013,17.28530947
MAC,2014,14.93677684
MAC,2015,14.74845395
MAC,2016,14.89426228
MAC,2017,13.93690112
MAC,2018,14.45668681
MAC,2019,15.55207296
MAC,2020,12.29888268
MAC,2021,12.8669155
MAC,2022,10.12431734
MAC,2023,13.66291982
MDA,2000,3.980078504
MDA,2001,5.156945502
MDA,2002,19.936892
MDA,2003,20.23857177
MDA,2004,17.06636474
MDA,2005,19.53495684
MDA,2006,19.97119911
MDA,2007,19.07383246
MDA,2008,19.93271528
MDA,2009,20.74979034
MDA,2010,22.43517014
MDA,2011,21.40068729
MDA,2012,20.8434751
MDA,2013,18.23982029
MDA,2014,17.58894969
MDA,2015,18.18216978
MDA,2016,17.66042268
MDA,2017,17.7565551
MDA,2018,17.55123815
MDA,2019,18.37224671
MDA,2020,17.17365135
MDA,2021,16.33657873
MDA,2022,15.79878096
MDA,2023,15.93639153
MDG,2001,16.49685462
MDG,2002,20.67001284
MDG,2003,16.09648849
MDG,2004,13.28860652
MDG,2005,19.85888033
MDG,2006,14.80865225
MDG,2007,17.58025711
MDG,2008,14.72688027
MDG,2009,28.34420077
MDG,2010,18.08377682
MDG,2011,20.44169401
MDG,2012,20.29280959
MDG,2013,18.02789531
MDG,2014,18.03046425
MDG,2015,18.77635129
MDG,2016,19.65604293
MDG,2017,17.47273312
MDG,2018,17.57107444
MDG,2019,15.83768304
MDG,2020,14.51611965
MDG,2021,15.19377751
MDG,2022,15.95609314
MDV,2000,19.75254571
MDV,2001,17.70543594
MDV,2002,20.30936055
MDV,2003,20.37219516
MDV,2004,19.98094784
MDV,2005,14.80036234
MDV,2006,14.88494523
MDV,2007,15.7808127
MDV,2008,15.76515265
MDV,2009,17.42653952
MDV,2010,15.82068976
MDV,2011,14.18742418
MEX,2000,24.72644229
MHL,2008,29.34744598
MHL,2009,38.54463584
MHL,2010,37.7008113
MHL,2011,36.19430026
MHL,2012,29.18993938
MHL,2013,29.24576473
MHL,2014,31.19000431
MHL,2015,31.85031553
MHL,2016,27.0468694
MHL,2017,24.83792541
MHL,2018,24.80734086
MHL,2019,24.80937301
MLT,2000,12.85183036
MLT,2001,13.60690185
MLT,2002,14.11975561
MLT,2003,13.02172706
MLT,2004,13.06572627
MLT,2005,12.70633824
MLT,2006,12.92037746
MLT,2007,12.70667303
MLT,2008,12.12988921
MLT,2009,12.80687001
MLT,2010,13.55376912
MLT,2011,13.45122432
MLT,2012,13.391206
MLT,2013,13.61623529
MLT,2014,13.32707297
MLT,2015,13.22962234
MLT,2016,14.11111027
MLT,2017,13.502399
MLT,2018,13.69251771
MLT,2019,13.98396446
MLT,2020,12.47667224
MLT,2021,12.53171159
MLT,2022,12.71969123
MMR,2000,14.16691148
MMR,2001,12.99549325
MMR,2002,14.63288331
MMR,2003,12.12546254
MMR,2004,13.27606282
MMR,2005,6.807793534
MMR,2012,7.539664976
MMR,2013,7.490617034
MMR,2014,7.537509698
MMR,2015,8.734158028
MMR,2016,9.683895363
MMR,2017,8.58439996
MMR,2018,9.681242707
MMR,2019,9.820047926
MNG,2000,16.70092939
MNG,2001,15.47338597
MNG,2002,17.55442285
MNG,2010,16.81968241
MNG,2011,13.89824903
MNG,2012,15.89128301
MNG,2016,3.59722063
MNG,2017,2.82189801
MNG,2018,20.48334943
MNG,2019,14.07755696
MNG,2020,11.25677649
MNG,2021,9.98704339
MOZ,2010,20.29097982
MOZ,2011,19.85637553
MOZ,2016,21.95099618
MOZ,2017,23.84867116
MOZ,2018,19.88112474
MOZ,2019,21.93555059
MOZ,2020,20.66485695
MOZ,2021,21.07766334
MOZ,2022,18.98069567
MUS,2000,16.15122817
MUS,2001,14.75596322
MUS,2002,15.10212016
MUS,2003,15.88556887
MUS,2004,15.80638781
MUS,2005,16.3474057
MUS,2006,15.46792343
MUS,2007,15.08286491
MUS,2008,14.68518824
MUS,2009,16.33279742
MUS,2010,15.72728862
MUS,2011,15.8688667
MUS,2012,15.94156735
MUS,2013,15.60850253
MUS,2014,16.56972957
MUS,2015,16.47094953
MUS,2016,16.29546334
MUS,2017,15.80997629
MUS,2018,15.41555226
MUS,2019,14.49410025
MUS,2020,12.52796754
MUS,2021,11.66645638
MUS,2022,12.18732023
MUS,2023,12.7895609
MYS,2002,28.75744157
MYS,2003,25.87974852
MYS,2004,21.71771095
MYS,2005,21.13991763
MYS,2006,21.90966021
MYS,2007,22.80281301
MYS,2008,22.92797903
MYS,2009,24.77985036
MYS,2010,24.84263036
MYS,2011,21.74663337
MYS,2012,21.79086106
MYS,2013,21.61352197
MYS,2014,22.01561062
MYS,2015,22.22953421
MYS,2016,22.22574497
MYS,2017,23.28423547
MYS,2018,21.98481898
MYS,2019,20.34714017
MYS,2021,19.72012283
MYS,2022,18.23373984
MYS,2023,18.8918123
NAM,2000,24.95175903
NAM,2001,22.67415981
NAM,2002,20.90877581
NAM,2003,21.31184156
NAM,2004,22.01311967
NAM,2005,22.23511342
NAM,2006,21.83439573
NAM,2007,21.12652518
NAM,2008,23.50638001
NAM,2009,23.32297817
NAM,2010,24.66318692
NAM,2011,23.12163418
NAM,2012,23.54735586
NAM,2013,23.29995261
NAM,2014,21.79016111
NAM,2015,23.22823802
NAM,2016,25.20937536
NAM,2017,24.81828578
NAM,2018,25.13814646
NAM,2019,24.82394418
NAM,2020,24.47467491
NAM,2021,24.50000062
NAM,2022,23.95212071
NGA,2003,6.397360586
NGA,2004,5.690354318
NGA,2005,5.974580685
NGA,2006,7.44357213
NGA,2007,8.062344445
NGA,2008,6.566077324
NGA,2009,5.227489936
NGA,2010,6.167306363
NGA,2011,7.877424558
NGA,2012,8.598975072
NGA,2013,8.21183368
NIC,2014,23.06007386
NIC,2015,22.35730255
NIC,2016,22.99869676
NIC,2017,22.68286472
NIC,2018,22.85756636
NIC,2019,23.95077408
NIC,2020,22.82331398
NIC,2021,18.74042385
NIC,2022,18.62469534
NIC,2023,19.24233556
NLD,2000,10.98589927
NLD,2001,10.71593756
NLD,2002,11.01990072
NLD,2003,11.39640564
NLD,2004,11.73096999
NLD,2005,12.14136132
NLD,2006,11.98597034
NLD,2007,12.04811525
NLD,2008,12.05626589
NLD,2009,11.78287319
NLD,2010,11.70758657
NLD,2011,11.6851931
NLD,2012,11.73817031
NLD,2013,11.56391546
NLD,2014,11.79778004
NLD,2015,11.81866353
NLD,2016,12.08771663
NLD,2017,12.07466987
NLD,2018,11.95988315
NLD,2019,11.83492586
NLD,2020,10.94413899
NLD,2021,11.04419878
NLD,2022,11.61754651
NOR,2000,12.27502256
NOR,2001,12.35365776
NOR,2002,12.22256017
NOR,2003,12.67901758
NOR,2004,12.44437477
NOR,2005,12.26065739
NOR,2006,11.93960371
NOR,2007,11.63830496
NOR,2008,11.52050383
NOR,2009,11.64663116
NOR,2010,11.5888877
NOR,2011,11.35631476
NOR,2012,11.28047498
NOR,2013,11.05029534
NOR,2014,11.07841997
NOR,2015,11.09468208
NOR,2016,10.96765991
NOR,2017,11.05323844
NOR,2018,11.05039116
NOR,2019,10.87436849
NOR,2020,10.12254635
NOR,2021,10.23135186
NOR,2022,10.1310365
NPL,2000,15.34526434
NPL,2001,14.94486165
NPL,2002,17.78074502
NPL,2003,17.83981138
NPL,2004,18.35825068
NPL,2005,19.39660853
NPL,2006,20.38279121
NPL,2007,18.34235949
NPL,2008,19.52096425
NPL,2009,17.68258211
NPL,2010,19.86471579
NPL,2011,20.60073411
NPL,2012,21.06211391
NPL,2013,20.69692114
NPL,2014,21.39015947
NPL,2015,18.18057454
NPL,2016,15.0893738
NPL,2017,14.92924914
NPL,2018,4.652491967
NPL,2019,3.780642776
NPL,2020,11.46237153
NPL,2021,12.82202877
NRU,2014,11.87627613
NRU,2015,10.22716915
NRU,2016,8.883714995
NRU,2017,12.74796612
NRU,2018,9.609688462
NZL,2000,16.20136102
NZL,2004,20.57707203
NZL,2005,20.16277348
NZL,2006,18.57890805
NZL,2007,16.6938904
NZL,2009,16.53447024
NZL,2010,16.7638676
NZL,2011,14.69141143
NZL,2012,16.63424221
NZL,2013,16.32112643
NZL,2014,16.40551291
NZL,2015,16.62387742
NZL,2016,16.47455275
NZL,2017,16.24469084
NZL,2018,15.80440055
NZL,2019,15.86584223
NZL,2020,14.43650212
NZL,2021,14.28818063
NZL,2022,13.13854811
OMN,2000,12.36124745
OMN,2001,12.5817851
OMN,2002,13.26356112
OMN,2003,13.10171357
OMN,2004,12.13854548
OMN,2005,12.85003111
OMN,2006,13.06255077
OMN,2007,12.641464
OMN,2008,13.55129227
OMN,2009,12.75296839
OMN,2010,13.75634984
OMN,2011,11.31347385
OMN,2012,10.72887916
OMN,2013,11.07264907
PAK,2000,0.940959867
PAK,2001,0.97463436
PAK,2002,1.316820238
PAK,2003,1.511208734
PAK,2004,1.877535064
PAK,2005,1.491392439
PAK,2006,1.589839201
PAK,2007,1.638618812
PAK,2008,1.846587571
PAK,2009,1.884047803
PAK,2010,1.905072251
PAK,2011,1.60417454
PAK,2012,1.464338423
PAK,2013,1.444405337
PAK,2014,1.657143505
PAK,2015,1.489775175
PAN,2014,17.4037781
PAN,2015,17.65074818
PAN,2016,18.75790179
PAN,2017,19.1715038
PAN,2018,19.87511628
PAN,2019,21.34058526
PAN,2020,17.55260092
PAN,2021,16.61531874
PHL,2000,18.09590825
PHL,2001,15.88827907
PHL,2002,16.10083996
PHL,2003,15.18794506
PHL,2004,14.18869675
PHL,2005,13.82678133
PHL,2006,13.85369779
PHL,2007,14.5421279
PHL,2008,14.67396243
PHL,2009,15.55019543
PHL,2010,15.76691533
PHL,2011,16.56754288
PHL,2012,16.06926428
PHL,2013,17.75622826
PHL,2014,19.38941422
PHL,2015,17.4176457
PHL,2016,18.17654591
PHL,2017,19.83184958
PHL,2018,18.75965467
PHL,2019,18.38967973
PHL,2020,17.33332022
PHL,2021,16.66264027
PHL,2022,14.48394666
PHL,2023,16.14213719
PLW,2008,12.05159845
PLW,2009,14.36983315
PLW,2010,15.06663435
PLW,2011,13.94481991
PLW,2012,14.04205876
PLW,2013,14.05803841
PLW,2014,14.07641689
PLW,2015,14.74724552
PLW,2016,14.23614377
PLW,2017,15.65802217
PLW,2018,15.93463584
PLW,2019,15.65655243
PNG,2000,16.45122177
PNG,2001,16.19478141
PNG,2002,10.01462443
PNG,2017,7.607217508
PNG,2018,7.952043043
PNG,2019,7.823194638
PNG,2020,5.654913334
PNG,2021,5.308051689
PNG,2022,6.812390903
PNG,2023,6.846919494
POL,2000,13.12453439
POL,2001,13.41952309
POL,2002,13.5851893
POL,2003,13.36188492
POL,2004,13.00038472
POL,2005,13.73902109
POL,2006,13.36202635
POL,2007,13.27209022
POL,2008,12.7606932
POL,2009,12.0212306
POL,2010,12.08153555
POL,2011,12.31050369
POL,2012,12.484474
POL,2013,12.33808899
POL,2014,12.3902273
POL,2015,12.65546734
POL,2016,12.0719216
POL,2017,11.86874179
POL,2018,12.02741914
POL,2019,11.98780578
POL,2020,10.60445223
POL,2021,11.16851741
POL,2022,10.53618402
PRT,2000,14.76002365
PRT,2001,14.49620338
PRT,2002,14.9947732
PRT,2003,14.2940847
PRT,2004,14.28894054
PRT,2005,14.2200488
PRT,2006,14.08020179
PRT,2007,13.21649407
PRT,2008,13.1765759
PRT,2009,12.96146666
PRT,2010,12.97274411
PRT,2011,12.24806972
PRT,2012,11.01577784
PRT,2013,10.97400534
PRT,2014,10.27315679
PRT,2015,10.5435188
PRT,2016,10.64692679
PRT,2017,10.1069313
PRT,2018,10.26432071
PRT,2019,10.52925868
PRT,2020,9.607210296
PRT,2021,9.886516109
PRT,2022,9.841629615
PRY,2023,17.96265648
PSE,2005,15.4982972
PSE,2006,15.3668822
PSE,2007,17.63333256
PSE,2008,17.55777286
PSE,2009,16.09313172
PSE,2010,17.34912772
PSE,2011,18.21021248
PSE,2012,18.15889717
PSE,2013,19.1025282
PSE,2014,18.67695021
PSE,2015,17.50385318
PSE,2016,20.06665281
PSE,2017,18.10864399
PSE,2018,18.55139962
PSE,2019,18.67513945
PSE,2020,18.12753218
PSE,2021,20.65587861
QAT,2004,8.216142551
QAT,2005,9.036930307
QAT,2006,7.169122054
QAT,2007,6.904811775
QAT,2008,12.79720882
QAT,2009,12.44169004
QAT,2010,11.12132506
ROU,2000,8.139987455
ROU,2001,10.62263663
ROU,2002,11.44559234
ROU,2003,10.62772711
ROU,2004,10.75338273
ROU,2005,10.89338768
ROU,2006,11.61648236
ROU,2007,10.27267686
ROU,2008,11.33913105
ROU,2009,9.569327246
ROU,2010,8.235834079
ROU,2011,10.30937477
ROU,2012,7.887511162
ROU,2013,7.843441956
ROU,2014,8.429804758
ROU,2015,8.501272327
ROU,2016,9.596091571
ROU,2017,8.506187076
ROU,2018,9.098635443
ROU,2019,10.08858273
ROU,2020,8.802904423
ROU,2021,8.136800439
RUS,2000,8.364311905
RUS,2001,8.071194635
RUS,2002,8.724930561
RUS,2003,9.49507729
RUS,2004,10.16458631
RUS,2005,11.22151533
RUS,2006,12.15005862
RUS,2007,4.297854761
RUS,2008,9.313813343
RUS,2009,10.02642934
RUS,2010,9.771665191
RUS,2011,9.631157125
RUS,2012,9.504322944
RUS,2013,10.00205403
RUS,2014,9.165413592
RUS,2015,2.195997284
RUS,2016,9.594144875
RUS,2017,9.501248683
RUS,2018,10.04987204
RUS,2019,9.285696663
RUS,2020,8.935046982
SEN,2000,13.70867124
SGP,2000,21.02519837
SGP,2001,19.44074961
SGP,2002,23.3751387
SGP,2003,21.93494579
SGP,2004,21.59755706
SGP,2005,21.61222168
SGP,2006,19.93605913
SGP,2007,20.81651451
SGP,2008,18.64857615
SGP,2009,18.33227075
SGP,2010,21.02063119
SGP,2011,20.8373291
SGP,2012,21.3348159
SGP,2013,21.95876328
SGP,2014,19.96177616
SGP,2015,16.38944465
SGP,2016,17.65014608
SGP,2017,17.26396237
SGP,2018,16.0864109
SGP,2019,16.47985226
SGP,2020,11.21518091
SGP,2021,13.06482014
SGP,2022,10.0732592
SGP,2023,10.76189982
SLB,2011,24.95204375
SLB,2012,21.71800354
SLB,2013,31.05876026
SLB,2014,29.94375732
SLB,2015,30.1104059
SLB,2016,30.11687441
SLB,2017,30.10352221
SLB,2018,30.12107851
SLB,2019,30.0626526
SLB,2020,31.88836694
SLV,2000,15.7789171
SLV,2001,16.74007373
SLV,2002,14.69070481
SLV,2003,14.52788852
SLV,2004,17.98296477
SLV,2005,14.08380998
SLV,2006,14.18466687
SLV,2007,13.75427359
SLV,2008,13.09002115
SLV,2009,16.90505846
SLV,2010,15.47114712
SLV,2011,12.53421031
SLV,2012,16.00487082
SLV,2013,14.03022046
SLV,2014,15.58036478
SLV,2015,17.21396972
SLV,2016,16.16272949
SLV,2017,8.597620672
SLV,2018,14.78466499
SLV,2019,14.33106963
SLV,2020,11.86849077
SLV,2021,11.96135918
SLV,2022,9.331648305
SLV,2023,12.53524368
SMR,2002,9.404054536
SMR,2003,9.692053225
SMR,2004,8.144096882
SMR,2019,8.907903055
SMR,2020,6.564468733
SMR,2021,7.897803165
SMR,2022,7.458471158
SMR,2023,7.991824825
SOM,2017,1.704693733
SOM,2018,3.002483834
SOM,2019,4.189874735
SOM,2023,3.965218676
SRB,2007,9.311126999
SRB,2008,10.00431481
SRB,2009,9.66420916
SRB,2010,8.974126152
SRB,2011,8.896088892
SRB,2012,8.72519611
STP,2022,17.35172709
SVN,2000,12.89715759
SVN,2001,13.14473246
SVN,2002,13.58825054
SVN,2003,13.39265895
SVN,2004,13.66279636
SVN,2005,14.03157995
SVN,2006,13.94054095
SVN,2007,13.52918069
SVN,2008,13.40433326
SVN,2009,13.42466771
SVN,2010,12.88875012
SVN,2011,12.56480656
SVN,2012,12.93512252
SVN,2013,10.66393549
SVN,2014,11.73853705
SVN,2015,11.45901232
SVN,2016,11.99892553
SVN,2017,12.33436103
SVN,2018,12.37124418
SVN,2019,12.37219217
SVN,2020,10.93316763
SVN,2021,11.74289962
SVN,2022,11.96271536
SWE,2000,12.06980532
SWE,2001,12.80033827
SWE,2002,12.76443309
SWE,2003,12.58081511
SWE,2004,12.63988425
SWE,2005,12.69491384
SWE,2006,12.76596012
SWE,2007,12.69374406
SWE,2008,12.79371945
SWE,2009,12.80220169
SWE,2010,12.72410755
SWE,2011,12.72320827
SWE,2012,12.63094668
SWE,2013,12.54209641
SWE,2014,12.83457019
SWE,2015,13.01320276
SWE,2016,13.3330448
SWE,2017,13.6095176
SWE,2018,13.82106221
SWE,2019,14.07531947
SWE,2020,13.43839051
SWE,2021,13.53193974
SYC,2000,7.282387873
SYC,2006,9.058914651
SYC,2007,11.15025751
SYC,2008,8.331588785
SYC,2010,10.86438454
SYC,2011,12.58140182
SYC,2012,13.03441452
SYC,2013,14.00267572
SYC,2014,12.84955182
TGO,2023,14.51925014
THA,2000,22.41773779
THA,2001,19.8344647
THA,2002,17.30508024
THA,2003,22.15670935
THA,2004,22.04551278
THA,2005,20.28406759
THA,2006,19.59243555
THA,2007,20.28799919
THA,2008,20.82488002
THA,2009,20.27072976
THA,2010,20.03800629
THA,2011,19.80002656
THA,2012,18.18989284
THA,2013,17.08237968
THA,2014,16.9078366
THA,2015,17.06818228
THA,2016,17.32700274
THA,2017,15.85121406
THA,2018,14.62298172
THA,2019,14.50389987
THA,2020,12.2896361
THA,2021,11.87944643
THA,2022,11.12694585
THA,2023,11.58615973
TJK,2000,3.152716593
TJK,2001,3.673318703
TJK,2021,20.40312941
TJK,2022,21.35477073
TJK,2023,19.66579229
TLS,2012,7.481672825
TON,2020,16.26243702
TTO,2001,17.11997463
TTO,2002,16.5221174
TTO,2003,16.41013327
TTO,2004,17.0417721
TTO,2005,16.88088605
TTO,2006,12.62552035
TTO,2007,14.17884464
TTO,2008,13.24519018
TTO,2009,15.54269631
TTO,2010,14.70930711
TTO,2011,12.19261033
TTO,2012,15.22628904
TTO,2013,15.12744811
TTO,2014,14.14078631
TTO,2015,15.2188775
TTO,2016,12.61739876
TTO,2017,14.32129951
TTO,2018,12.7817572
TTO,2019,10.08036789
TUN,2000,18.14703887
TUN,2001,18.55355111
TUN,2002,19.71969209
TUN,2003,20.19079132
TUN,2004,19.7322002
TUN,2005,19.72766278
TUN,2006,20.4109651
TUN,2007,20.14965038
TUN,2008,18.90090891
TUN,2009,19.18989552
TUN,2010,18.49963583
TUN,2011,15.82981084
TUN,2012,15.27492815
TUR,2000,7.877433457
TUR,2001,6.418085315
TUR,2008,9.736834077
TUR,2009,9.728276686
TUR,2010,10.58818344
TUR,2011,11.37252053
TUR,2012,12.13588136
TUR,2013,10.92226293
TUR,2014,11.81408294
TUR,2015,11.84854294
TUR,2016,11.40742687
TUR,2017,10.80920583
TUR,2018,10.74277057
TUR,2019,11.17296374
TUR,2020,9.311233173
TUR,2021,8.809844628
TUR,2022,8.778811804
TUR,2023,8.616921933
TZA,2017,17.48913965
TZA,2018,19.56011967
UGA,2001,16.61091167
UGA,2002,18.63714427
UGA,2003,17.88436671
UGA,2004,18.63161785
UGA,2005,20.0041457
UGA,2006,18.5884471
UGA,2007,17.85776202
UGA,2008,17.51208995
UGA,2009,16.29057891
UGA,2010,13.68316743
UGA,2011,13.12076562
UGA,2012,13.62633544
UGA,2013,14.46881344
UGA,2014,14.01645519
UGA,2015,14.15563828
UGA,2016,12.74365649
UGA,2017,13.14346492
UGA,2018,10.92781339
UGA,2019,11.46850553
UGA,2020,11.24966027
UGA,2021,8.891654507
UGA,2022,10.34456108
UGA,2023,13.45267876
UKR,2000,5.718891709
UKR,2001,12.46686497
UKR,2002,14.30508082
UKR,2003,14.18751439
UKR,2004,12.69125732
UKR,2005,13.72832453
UKR,2006,13.68719519
UKR,2007,14.0139412
UKR,2008,14.13898571
UKR,2009,15.12797245
UKR,2010,15.23395839
UKR,2011,14.63795279
UKR,2012,14.92900573
UKR,2013,15.14117696
UKR,2014,14.08827203
UKR,2015,13.48008827
UKR,2016,13.4315846
UKR,2017,14.396145
UKR,2018,14.22960796
UKR,2019,14.55809946
UKR,2020,13.27300731
UKR,2021,14.25187559
UKR,2022,8.485857454
UKR,2023,6.334525127
URY,2000,7.097752618
URY,2003,13.45208016
URY,2004,13.70897976
URY,2005,13.97812236
URY,2006,14.2883965
USA,2000,17.98815511
USA,2001,17.68853079
USA,2002,17.3125396
USA,2003,16.98162393
USA,2004,16.96194871
USA,2005,16.69881301
USA,2006,16.80923097
USA,2007,16.7058212
USA,2008,16.22012965
USA,2009,15.60105839
USA,2010,15.56169088
USA,2011,15.50748478
USA,2012,15.59922742
USA,2013,16.01107176
USA,2014,15.98055785
USA,2015,16.02727601
USA,2016,15.94482245
USA,2017,15.86324803
USA,2018,15.65818616
USA,2019,15.30347242
USA,2020,12.70631597
USA,2021,12.47085941
USA,2022,13.97081904
UZB,2011,25.57512959
UZB,2012,25.83145814
UZB,2013,25.10162961
UZB,2014,25.32495943
UZB,2015,24.52449908
UZB,2016,24.87334389
UZB,2017,23.40437116
UZB,2018,21.81692118
UZB,2019,25.59158438
UZB,2020,21.81660146
UZB,2021,21.43250906
UZB,2022,21.64502415
UZB,2023,28.51400848
VNM,2000,12.28974998
WSM,2010,19.39050003
WSM,2011,19.4587432
WSM,2012,15.09031746
WSM,2013,14.65268897
WSM,2014,14.53483517
WSM,2015,13.99339447
WSM,2016,14.40462515
WSM,2017,13.20948498
WSM,2018,14.84018924
WSM,2019,15.33336701
WSM,2020,15.71257242
WSM,2021,17.10333696
YEM,2002,21.57119649
YEM,2003,17.93875762
YEM,2004,17.22290097
YEM,2005,14.97910127
YEM,2006,14.50632653
YEM,2007,14.48535493
YEM,2008,13.09621881
YEM,2009,16.514926
YEM,2010,14.26038019
YEM,2011,19.60539792
YEM,2012,15.74821185
ZAF,2000,18.40429445
ZAF,2001,17.82857738
ZAF,2002,16.60584801
ZAF,2003,17.99821415
ZAF,2004,17.27433717
ZAF,2005,18.08443802
ZAF,2006,19.01977838
ZAF,2007,2.923417787
ZAF,2008,18.54537625
ZAF,2009,17.23518054
ZAF,2010,17.23495609
ZAF,2011,18.45666162
ZAF,2012,19.20282666
ZAF,2013,16.75069994
ZAF,2014,16.35125053
ZAF,2015,18.88514235
ZAF,2016,16.12016082
ZAF,2017,18.88005081
ZAF,2018,20.29368991
ZAF,2019,18.69450358
ZAF,2020,18.64886232
ZAF,2021,18.92766645
ZAF,2022,18.64850102
ZMB,2001,15.9271126
ZMB,2002,22.36394797
ZMB,2003,19.8356497
ZMB,2004,13.78001443
ZMB,2005,9.83092205
ZMB,2006,24.01672154
ZMB,2007,13.62800098
ZMB,2008,16.37887038
ZMB,2009,16.40449803
ZMB,2010,13.45576345
ZMB,2011,13.15310838
ZMB,2012,15.99721367
ZMB,2013,14.09992136
ZMB,2014,17.83346096
ZMB,2015,14.72770057
ZMB,2016,13.63569305
ZMB,2017,15.04865282
ZMB,2019,10.52026468
ZMB,2020,10.7352217
ZMB,2021,8.816287617